2.070000000000000000e+02,-2.700000000000000000e+01,-2.018000000000000000e+03,-1.000000000000000000e+00,-1.000000000000000000e+00,-1.000000000000000000e+00,-1.523429870605468750e+00,-1.462488055229187012e+00,1.761634230613708496e+00,1.450000047683715820e+00,1.450000047683715820e+00
2.100000000000000000e+02,-2.700000000000000000e+01,-2.000000000000000000e+03,0.000000000000000000e+00,1.000000000000000000e+00,0.000000000000000000e+00,-1.527240395545959473e+00,-1.462566375732421875e+00,1.765514850616455078e+00,1.450000047683715820e+00,1.450000047683715820e+00
2.080000000000000000e+02,-3.100000000000000000e+01,-2.008000000000000000e+03,-1.000000000000000000e+00,-1.000000000000000000e+00,-2.000000000000000000e+00,-1.530646920204162598e+00,-1.462697148323059082e+00,1.768952250480651855e+00,1.450000047683715820e+00,1.450000047683715820e+00
2.030000000000000000e+02,-2.700000000000000000e+01,-2.015000000000000000e+03,-2.000000000000000000e+00,-1.000000000000000000e+00,1.000000000000000000e+00,-1.533616185188293457e+00,-1.462745785713195801e+00,1.771907091140747070e+00,1.450000047683715820e+00,1.450000047683715820e+00
2.110000000000000000e+02,-2.900000000000000000e+01,-2.014000000000000000e+03,-3.000000000000000000e+00,-6.000000000000000000e+00,-1.000000000000000000e+00,-1.537923812866210938e+00,-1.462821602821350098e+00,1.776150345802307129e+00,1.450000047683715820e+00,1.450000047683715820e+00
2.170000000000000000e+02,-2.100000000000000000e+01,-2.024000000000000000e+03,-1.000000000000000000e+00,-1.000000000000000000e+00,-2.000000000000000000e+00,-1.542499661445617676e+00,-1.462933301925659180e+00,1.780789017677307129e+00,1.450000047683715820e+00,1.450000047683715820e+00
2.070000000000000000e+02,-2.600000000000000000e+01,-2.025000000000000000e+03,-2.000000000000000000e+00,-1.000000000000000000e+00,-1.000000000000000000e+00,-1.545137643814086914e+00,-1.462975502014160156e+00,1.783445119857788086e+00,1.450000047683715820e+00,1.450000047683715820e+00
2.070000000000000000e+02,-2.100000000000000000e+01,-2.013000000000000000e+03,-1.000000000000000000e+00,-1.000000000000000000e+00,0.000000000000000000e+00,-1.548054814338684082e+00,-1.463109016418457031e+00,1.786286234855651855e+00,1.450000047683715820e+00,1.450000047683715820e+00
2.100000000000000000e+02,-2.400000000000000000e+01,-2.027000000000000000e+03,0.000000000000000000e+00,1.000000000000000000e+00,1.000000000000000000e+00,-1.550840020179748535e+00,-1.463220000267028809e+00,1.789044976234436035e+00,1.450000047683715820e+00,1.450000047683715820e+00
2.100000000000000000e+02,-2.000000000000000000e+01,-2.016000000000000000e+03,0.000000000000000000e+00,1.000000000000000000e+00,0.000000000000000000e+00,-1.552795529365539551e+00,-1.463301658630371094e+00,1.791043043136596680e+00,1.450000047683715820e+00,1.450000047683715820e+00
2.060000000000000000e+02,-3.300000000000000000e+01,-2.014000000000000000e+03,0.000000000000000000e+00,2.000000000000000000e+00,-1.000000000000000000e+00,-1.555590629577636719e+00,-1.463388919830322266e+00,1.793893933296203613e+00,1.450000047683715820e+00,1.450000047683715820e+00
2.070000000000000000e+02,-2.200000000000000000e+01,-2.021000000000000000e+03,1.000000000000000000e+00,0.000000000000000000e+00,-1.000000000000000000e+00,-1.558499693870544434e+00,-1.463443994522094727e+00,1.796791672706604004e+00,1.450000047683715820e+00,1.450000047683715820e+00
2.040000000000000000e+02,-1.400000000000000000e+01,-2.010000000000000000e+03,0.000000000000000000e+00,0.000000000000000000e+00,-1.000000000000000000e+00,-1.560268998146057129e+00,-1.463420629501342773e+00,1.798589706420898438e+00,1.450000047683715820e+00,1.450000047683715820e+00
2.090000000000000000e+02,-2.600000000000000000e+01,-2.013000000000000000e+03,0.000000000000000000e+00,0.000000000000000000e+00,0.000000000000000000e+00,-1.563150048255920410e+00,-1.463427305221557617e+00,1.801458716392517090e+00,1.450000047683715820e+00,1.450000047683715820e+00
2.050000000000000000e+02,-2.700000000000000000e+01,-2.019000000000000000e+03,2.000000000000000000e+00,1.000000000000000000e+00,-1.000000000000000000e+00,-1.566337823867797852e+00,-1.463521242141723633e+00,1.804677605628967285e+00,1.450000047683715820e+00,1.450000047683715820e+00
2.090000000000000000e+02,-2.600000000000000000e+01,-2.014000000000000000e+03,1.000000000000000000e+00,1.000000000000000000e+00,-1.000000000000000000e+00,-1.569178462028503418e+00,-1.463564157485961914e+00,1.807460069656372070e+00,1.450000047683715820e+00,1.450000047683715820e+00
2.090000000000000000e+02,-2.400000000000000000e+01,-2.010000000000000000e+03,1.000000000000000000e+00,1.000000000000000000e+00,0.000000000000000000e+00,-1.572674512863159180e+00,-1.463580846786499023e+00,1.810975432395935059e+00,1.450000047683715820e+00,1.450000047683715820e+00
2.120000000000000000e+02,-3.100000000000000000e+01,-2.015000000000000000e+03,0.000000000000000000e+00,0.000000000000000000e+00,-3.000000000000000000e+00,-1.575739264488220215e+00,-1.463633775711059570e+00,1.813994050025939941e+00,1.450000047683715820e+00,1.450000047683715820e+00
2.030000000000000000e+02,-2.400000000000000000e+01,-2.020000000000000000e+03,-1.000000000000000000e+00,-1.000000000000000000e+00,0.000000000000000000e+00,-1.577381014823913574e+00,-1.463707447052001953e+00,1.815597414970397949e+00,1.450000047683715820e+00,1.450000047683715820e+00
2.110000000000000000e+02,-2.300000000000000000e+01,-2.015000000000000000e+03,0.000000000000000000e+00,0.000000000000000000e+00,0.000000000000000000e+00,-1.579634070396423340e+00,-1.463706851005554199e+00,1.817772746086120605e+00,1.450000047683715820e+00,1.450000047683715820e+00
2.130000000000000000e+02,-2.300000000000000000e+01,-2.007000000000000000e+03,-1.000000000000000000e+00,-3.000000000000000000e+00,0.000000000000000000e+00,-1.582527637481689453e+00,-1.463719606399536133e+00,1.820659756660461426e+00,1.450000047683715820e+00,1.450000047683715820e+00
2.010000000000000000e+02,-1.400000000000000000e+01,-2.006000000000000000e+03,0.000000000000000000e+00,1.000000000000000000e+00,-2.000000000000000000e+00,-1.584137320518493652e+00,-1.463755369186401367e+00,1.822249293327331543e+00,1.450000047683715820e+00,1.450000047683715820e+00
2.020000000000000000e+02,-2.600000000000000000e+01,-2.008000000000000000e+03,-2.000000000000000000e+00,-2.000000000000000000e+00,0.000000000000000000e+00,-1.586695551872253418e+00,-1.463706851005554199e+00,1.824799895286560059e+00,1.450000047683715820e+00,1.450000047683715820e+00
2.050000000000000000e+02,-3.000000000000000000e+01,-2.023000000000000000e+03,-1.000000000000000000e+00,-2.000000000000000000e+00,-2.000000000000000000e+00,-1.588646769523620605e+00,-1.463715195655822754e+00,1.826691985130310059e+00,1.450000047683715820e+00,1.450000047683715820e+00
2.080000000000000000e+02,-2.900000000000000000e+01,-1.995000000000000000e+03,-1.000000000000000000e+00,-6.000000000000000000e+00,0.000000000000000000e+00,-1.591608643531799316e+00,-1.463731408119201660e+00,1.829622387886047363e+00,1.450000047683715820e+00,1.450000047683715820e+00
2.110000000000000000e+02,-2.200000000000000000e+01,-2.026000000000000000e+03,-1.000000000000000000e+00,-3.000000000000000000e+00,-1.000000000000000000e+00,-1.594303488731384277e+00,-1.463721871376037598e+00,1.832097053527832031e+00,1.450000047683715820e+00,1.450000047683715820e+00
2.100000000000000000e+02,-2.300000000000000000e+01,-2.019000000000000000e+03,-1.000000000000000000e+00,-1.000000000000000000e+00,-1.000000000000000000e+00,-1.599757075309753418e+00,-1.463723540306091309e+00,1.837625980377197266e+00,1.450000047683715820e+00,1.450000047683715820e+00
2.080000000000000000e+02,-2.500000000000000000e+01,-2.025000000000000000e+03,-1.000000000000000000e+00,-2.000000000000000000e+00,-1.000000000000000000e+00,-1.601676225662231445e+00,-1.463715195655822754e+00,1.839604258537292480e+00,1.450000047683715820e+00,1.450000047683715820e+00
2.100000000000000000e+02,-1.800000000000000000e+01,-2.012000000000000000e+03,0.000000000000000000e+00,2.000000000000000000e+00,-1.000000000000000000e+00,-1.603548884391784668e+00,-1.463731408119201660e+00,1.841534852981567383e+00,1.450000047683715820e+00,1.450000047683715820e+00
2.100000000000000000e+02,-2.200000000000000000e+01,-2.024000000000000000e+03,0.000000000000000000e+00,1.000000000000000000e+00,0.000000000000000000e+00,-1.604861855506896973e+00,-1.463712930679321289e+00,1.842790484428405762e+00,1.450000047683715820e+00,1.450000047683715820e+00
2.070000000000000000e+02,-2.400000000000000000e+01,-2.021000000000000000e+03,0.000000000000000000e+00,0.000000000000000000e+00,2.000000000000000000e+00,-1.606762409210205078e+00,-1.463686227798461914e+00,1.844655275344848633e+00,1.450000047683715820e+00,1.450000047683715820e+00
2.100000000000000000e+02,-3.600000000000000000e+01,-2.018000000000000000e+03,-1.000000000000000000e+00,-3.000000000000000000e+00,-2.000000000000000000e+00,-1.607989430427551270e+00,-1.463769316673278809e+00,1.845891475677490234e+00,1.450000047683715820e+00,1.450000047683715820e+00
2.030000000000000000e+02,-2.000000000000000000e+01,-2.018000000000000000e+03,-1.000000000000000000e+00,-1.000000000000000000e+00,0.000000000000000000e+00,-1.609612941741943359e+00,-1.463743686676025391e+00,1.847528815269470215e+00,1.450000047683715820e+00,1.450000047683715820e+00
2.100000000000000000e+02,-2.300000000000000000e+01,-2.010000000000000000e+03,0.000000000000000000e+00,0.000000000000000000e+00,0.000000000000000000e+00,-1.610618233680725098e+00,-1.463780999183654785e+00,1.848493456840515137e+00,1.450000047683715820e+00,1.450000047683715820e+00
2.050000000000000000e+02,-2.200000000000000000e+01,-2.016000000000000000e+03,-2.000000000000000000e+00,-1.000000000000000000e+00,-1.000000000000000000e+00,-1.612415671348571777e+00,-1.463775396347045898e+00,1.850191593170166016e+00,1.450000047683715820e+00,1.450000047683715820e+00
2.080000000000000000e+02,-2.200000000000000000e+01,-2.015000000000000000e+03,-1.000000000000000000e+00,-1.000000000000000000e+00,-1.000000000000000000e+00,-1.613351345062255859e+00,-1.463828444480895996e+00,1.851083874702453613e+00,1.450000047683715820e+00,1.450000047683715820e+00
2.120000000000000000e+02,-2.300000000000000000e+01,-2.009000000000000000e+03,-1.000000000000000000e+00,-1.000000000000000000e+00,-1.000000000000000000e+00,-1.615934491157531738e+00,-1.463865280151367188e+00,1.853562474250793457e+00,1.450000047683715820e+00,1.450000047683715820e+00
2.150000000000000000e+02,-1.800000000000000000e+01,-2.006000000000000000e+03,0.000000000000000000e+00,1.000000000000000000e+00,0.000000000000000000e+00,-1.616668581962585449e+00,-1.463871479034423828e+00,1.854277849197387695e+00,1.450000047683715820e+00,1.450000047683715820e+00
2.110000000000000000e+02,-2.600000000000000000e+01,-2.012000000000000000e+03,0.000000000000000000e+00,3.000000000000000000e+00,0.000000000000000000e+00,-1.619218111038208008e+00,-1.463753700256347656e+00,1.856818318367004395e+00,1.450000047683715820e+00,1.450000047683715820e+00
2.150000000000000000e+02,-1.700000000000000000e+01,-2.039000000000000000e+03,0.000000000000000000e+00,5.000000000000000000e+00,0.000000000000000000e+00,-1.620201468467712402e+00,-1.463712930679321289e+00,1.857903480529785156e+00,1.450000047683715820e+00,1.450000047683715820e+00
2.100000000000000000e+02,-2.600000000000000000e+01,-2.019000000000000000e+03,0.000000000000000000e+00,0.000000000000000000e+00,-2.000000000000000000e+00,-1.621256947517395020e+00,-1.463874816894531250e+00,1.858929514884948730e+00,1.450000047683715820e+00,1.450000047683715820e+00
2.080000000000000000e+02,-2.300000000000000000e+01,-2.019000000000000000e+03,-1.000000000000000000e+00,-2.000000000000000000e+00,1.000000000000000000e+00,-1.622192502021789551e+00,-1.463903307914733887e+00,1.859866380691528320e+00,1.450000047683715820e+00,1.450000047683715820e+00
2.110000000000000000e+02,-2.000000000000000000e+01,-2.043000000000000000e+03,1.000000000000000000e+00,5.000000000000000000e+00,0.000000000000000000e+00,-1.622568368911743164e+00,-1.463924527168273926e+00,1.860342502593994141e+00,1.450000047683715820e+00,1.450000047683715820e+00
1.980000000000000000e+02,-2.800000000000000000e+01,-2.013000000000000000e+03,0.000000000000000000e+00,2.000000000000000000e+00,0.000000000000000000e+00,-1.623968243598937988e+00,-1.463970899581909180e+00,1.861865401268005371e+00,1.450000047683715820e+00,1.450000047683715820e+00
2.180000000000000000e+02,-2.500000000000000000e+01,-2.018000000000000000e+03,-1.000000000000000000e+00,-1.000000000000000000e+00,-3.000000000000000000e+00,-1.624995112419128418e+00,-1.464026331901550293e+00,1.862933993339538574e+00,1.450000047683715820e+00,1.450000047683715820e+00
2.170000000000000000e+02,-1.800000000000000000e+01,-2.000000000000000000e+03,0.000000000000000000e+00,0.000000000000000000e+00,0.000000000000000000e+00,-1.625547885894775391e+00,-1.464011192321777344e+00,1.863465905189514160e+00,1.450000047683715820e+00,1.450000047683715820e+00
2.070000000000000000e+02,-2.400000000000000000e+01,-2.007000000000000000e+03,-2.000000000000000000e+00,-4.000000000000000000e+00,0.000000000000000000e+00,-1.626760244369506836e+00,-1.464090585708618164e+00,1.864693522453308105e+00,1.450000047683715820e+00,1.450000047683715820e+00
2.080000000000000000e+02,-1.800000000000000000e+01,-2.007000000000000000e+03,-1.000000000000000000e+00,-1.000000000000000000e+00,-1.000000000000000000e+00,-1.627476692199707031e+00,-1.464132070541381836e+00,1.865514636039733887e+00,1.450000047683715820e+00,1.450000047683715820e+00
2.150000000000000000e+02,-2.600000000000000000e+01,-2.021000000000000000e+03,1.000000000000000000e+00,1.000000000000000000e+00,-1.000000000000000000e+00,-1.628550648689270020e+00,-1.464281678199768066e+00,1.866667866706848145e+00,1.450000047683715820e+00,1.450000047683715820e+00
2.060000000000000000e+02,-2.700000000000000000e+01,-2.011000000000000000e+03,0.000000000000000000e+00,-2.000000000000000000e+00,-1.000000000000000000e+00,-1.628913044929504395e+00,-1.464429140090942383e+00,1.867125511169433594e+00,1.450000047683715820e+00,1.450000047683715820e+00
2.040000000000000000e+02,-2.200000000000000000e+01,-2.024000000000000000e+03,-1.000000000000000000e+00,1.000000000000000000e+00,-3.000000000000000000e+00,-1.628637313842773438e+00,-1.464499950408935547e+00,1.866870522499084473e+00,1.450000047683715820e+00,1.450000047683715820e+00
2.100000000000000000e+02,-2.700000000000000000e+01,-2.013000000000000000e+03,0.000000000000000000e+00,0.000000000000000000e+00,0.000000000000000000e+00,-1.628998637199401855e+00,-1.464476346969604492e+00,1.867220401763916016e+00,1.450000047683715820e+00,1.450000047683715820e+00
2.080000000000000000e+02,-1.600000000000000000e+01,-2.029000000000000000e+03,0.000000000000000000e+00,0.000000000000000000e+00,-1.000000000000000000e+00,-1.629739403724670410e+00,-1.464532494544982910e+00,1.868007063865661621e+00,1.450000047683715820e+00,1.450000047683715820e+00
2.100000000000000000e+02,-3.200000000000000000e+01,-2.004000000000000000e+03,-1.000000000000000000e+00,0.000000000000000000e+00,-1.000000000000000000e+00,-1.630236744880676270e+00,-1.464614629745483398e+00,1.868503093719482422e+00,1.450000047683715820e+00,1.450000047683715820e+00
2.100000000000000000e+02,-2.000000000000000000e+01,-2.002000000000000000e+03,0.000000000000000000e+00,-2.000000000000000000e+00,-1.000000000000000000e+00,-1.631177663803100586e+00,-1.464656233787536621e+00,1.869334340095520020e+00,1.450000047683715820e+00,1.450000047683715820e+00
2.090000000000000000e+02,-3.000000000000000000e+01,-2.019000000000000000e+03,0.000000000000000000e+00,-1.000000000000000000e+00,-1.000000000000000000e+00,-1.631937265396118164e+00,-1.464720964431762695e+00,1.870134830474853516e+00,1.450000047683715820e+00,1.450000047683715820e+00
2.120000000000000000e+02,-2.900000000000000000e+01,-2.002000000000000000e+03,1.000000000000000000e+00,1.000000000000000000e+00,1.000000000000000000e+00,-1.633280396461486816e+00,-1.464753031730651855e+00,1.871487259864807129e+00,1.450000047683715820e+00,1.450000047683715820e+00
2.080000000000000000e+02,-2.900000000000000000e+01,-2.005000000000000000e+03,0.000000000000000000e+00,0.000000000000000000e+00,1.000000000000000000e+00,-1.634996414184570312e+00,-1.464773297309875488e+00,1.873041033744812012e+00,1.450000047683715820e+00,1.450000047683715820e+00
2.080000000000000000e+02,-1.900000000000000000e+01,-2.004000000000000000e+03,0.000000000000000000e+00,1.000000000000000000e+00,0.000000000000000000e+00,-1.636323690414428711e+00,-1.464756965637207031e+00,1.874263882637023926e+00,1.450000047683715820e+00,1.450000047683715820e+00
2.120000000000000000e+02,-2.300000000000000000e+01,-2.010000000000000000e+03,0.000000000000000000e+00,0.000000000000000000e+00,1.000000000000000000e+00,-1.637460708618164062e+00,-1.464851140975952148e+00,1.875371098518371582e+00,1.450000047683715820e+00,1.450000047683715820e+00
2.070000000000000000e+02,-2.500000000000000000e+01,-2.011000000000000000e+03,1.000000000000000000e+00,1.000000000000000000e+00,-1.000000000000000000e+00,-1.638387560844421387e+00,-1.464903473854064941e+00,1.876314163208007812e+00,1.450000047683715820e+00,1.450000047683715820e+00
2.020000000000000000e+02,-1.100000000000000000e+01,-2.013000000000000000e+03,1.000000000000000000e+00,5.000000000000000000e+00,0.000000000000000000e+00,-1.637620091438293457e+00,-1.464968442916870117e+00,1.875647902488708496e+00,1.450000047683715820e+00,1.450000047683715820e+00
2.150000000000000000e+02,-2.800000000000000000e+01,-2.016000000000000000e+03,-1.000000000000000000e+00,-1.000000000000000000e+00,-1.000000000000000000e+00,-1.638799548149108887e+00,-1.464858412742614746e+00,1.876762628555297852e+00,1.450000047683715820e+00,1.450000047683715820e+00
2.120000000000000000e+02,-2.500000000000000000e+01,-2.051000000000000000e+03,0.000000000000000000e+00,6.000000000000000000e+00,-2.000000000000000000e+00,-1.651733398437500000e+00,-1.464547157287597656e+00,1.889623999595642090e+00,1.450000047683715820e+00,1.450000047683715820e+00
2.050000000000000000e+02,-2.400000000000000000e+01,-2.018000000000000000e+03,-2.000000000000000000e+00,-2.000000000000000000e+00,-1.000000000000000000e+00,-1.651946425437927246e+00,-1.464629292488098145e+00,1.889800786972045898e+00,1.450000047683715820e+00,1.450000047683715820e+00
2.150000000000000000e+02,-2.400000000000000000e+01,-2.015000000000000000e+03,0.000000000000000000e+00,0.000000000000000000e+00,-1.000000000000000000e+00,-1.652992010116577148e+00,-1.464746356010437012e+00,1.890857577323913574e+00,1.450000047683715820e+00,1.450000047683715820e+00
2.210000000000000000e+02,-2.300000000000000000e+01,-2.006000000000000000e+03,-1.000000000000000000e+00,-1.000000000000000000e+00,1.000000000000000000e+00,-1.652999639511108398e+00,-1.464759230613708496e+00,1.890911459922790527e+00,1.450000047683715820e+00,1.450000047683715820e+00
2.170000000000000000e+02,-2.400000000000000000e+01,-2.031000000000000000e+03,0.000000000000000000e+00,-1.000000000000000000e+00,-2.000000000000000000e+00,-1.653430938720703125e+00,-1.464867949485778809e+00,1.891276955604553223e+00,1.450000047683715820e+00,1.450000047683715820e+00
2.120000000000000000e+02,-1.900000000000000000e+01,-2.013000000000000000e+03,-1.000000000000000000e+00,-1.000000000000000000e+00,-1.000000000000000000e+00,-1.653971910476684570e+00,-1.464924335479736328e+00,1.891805171966552734e+00,1.450000047683715820e+00,1.450000047683715820e+00
2.120000000000000000e+02,-1.900000000000000000e+01,-2.013000000000000000e+03,-1.000000000000000000e+00,-1.000000000000000000e+00,-1.000000000000000000e+00,-1.653971910476684570e+00,-1.464924335479736328e+00,1.891805171966552734e+00,1.450000047683715820e+00,1.450000047683715820e+00
2.090000000000000000e+02,-2.700000000000000000e+01,-2.015000000000000000e+03,-1.000000000000000000e+00,-2.000000000000000000e+00,-1.000000000000000000e+00,-1.654971718788146973e+00,-1.464934587478637695e+00,1.892814755439758301e+00,1.450000047683715820e+00,1.450000047683715820e+00
2.210000000000000000e+02,-1.800000000000000000e+01,-2.022000000000000000e+03,1.000000000000000000e+00,1.000000000000000000e+00,-1.000000000000000000e+00,-1.656611323356628418e+00,-1.464961051940917969e+00,1.894512176513671875e+00,1.450000047683715820e+00,1.450000047683715820e+00
2.120000000000000000e+02,-3.200000000000000000e+01,-2.001000000000000000e+03,0.000000000000000000e+00,0.000000000000000000e+00,-1.000000000000000000e+00,-1.657135963439941406e+00,-1.464956521987915039e+00,1.895003557205200195e+00,1.450000047683715820e+00,1.450000047683715820e+00
2.160000000000000000e+02,-1.700000000000000000e+01,-2.014000000000000000e+03,-1.000000000000000000e+00,-2.000000000000000000e+00,0.000000000000000000e+00,-1.657520771026611328e+00,-1.465020895004272461e+00,1.895368099212646484e+00,1.450000047683715820e+00,1.450000047683715820e+00
2.100000000000000000e+02,-2.000000000000000000e+01,-2.008000000000000000e+03,0.000000000000000000e+00,-1.000000000000000000e+00,-1.000000000000000000e+00,-1.658246636390686035e+00,-1.465060949325561523e+00,1.896167516708374023e+00,1.450000047683715820e+00,1.450000047683715820e+00
2.060000000000000000e+02,-3.200000000000000000e+01,-2.005000000000000000e+03,-1.000000000000000000e+00,-2.000000000000000000e+00,-1.000000000000000000e+00,-1.658476948738098145e+00,-1.465141177177429199e+00,1.896454811096191406e+00,1.450000047683715820e+00,1.450000047683715820e+00
2.110000000000000000e+02,-2.100000000000000000e+01,-2.021000000000000000e+03,-1.000000000000000000e+00,-1.000000000000000000e+00,1.000000000000000000e+00,-1.659130811691284180e+00,-1.465157628059387207e+00,1.897161960601806641e+00,1.450000047683715820e+00,1.450000047683715820e+00
2.150000000000000000e+02,-2.900000000000000000e+01,-2.029000000000000000e+03,-1.000000000000000000e+00,-4.000000000000000000e+00,-1.000000000000000000e+00,-1.660532951354980469e+00,-1.465260505676269531e+00,1.898516893386840820e+00,1.450000047683715820e+00,1.450000047683715820e+00
2.110000000000000000e+02,-2.100000000000000000e+01,-2.015000000000000000e+03,0.000000000000000000e+00,0.000000000000000000e+00,0.000000000000000000e+00,-1.660946488380432129e+00,-1.465231060981750488e+00,1.898905277252197266e+00,1.450000047683715820e+00,1.450000047683715820e+00
2.120000000000000000e+02,-2.300000000000000000e+01,-2.013000000000000000e+03,0.000000000000000000e+00,0.000000000000000000e+00,-1.000000000000000000e+00,-1.661885499954223633e+00,-1.465215206146240234e+00,1.899917364120483398e+00,1.450000047683715820e+00,1.450000047683715820e+00
2.090000000000000000e+02,-3.000000000000000000e+01,-2.013000000000000000e+03,-1.000000000000000000e+00,0.000000000000000000e+00,-2.000000000000000000e+00,-1.663145899772644043e+00,-1.465317130088806152e+00,1.901218056678771973e+00,1.450000047683715820e+00,1.450000047683715820e+00
2.140000000000000000e+02,-2.600000000000000000e+01,-2.018000000000000000e+03,-1.000000000000000000e+00,-1.000000000000000000e+00,-1.000000000000000000e+00,-1.663059592247009277e+00,-1.465330719947814941e+00,1.901104331016540527e+00,1.450000047683715820e+00,1.450000047683715820e+00
2.130000000000000000e+02,-3.200000000000000000e+01,-2.008000000000000000e+03,-1.000000000000000000e+00,-1.000000000000000000e+00,0.000000000000000000e+00,-1.662986159324645996e+00,-1.465449094772338867e+00,1.901018023490905762e+00,1.450000047683715820e+00,1.450000047683715820e+00
2.110000000000000000e+02,-2.900000000000000000e+01,-2.020000000000000000e+03,-1.000000000000000000e+00,-3.000000000000000000e+00,-1.000000000000000000e+00,-1.664059996604919434e+00,-1.465469479560852051e+00,1.902087569236755371e+00,1.450000047683715820e+00,1.450000047683715820e+00
2.140000000000000000e+02,-2.100000000000000000e+01,-2.017000000000000000e+03,-1.000000000000000000e+00,-1.000000000000000000e+00,-2.000000000000000000e+00,-1.664365172386169434e+00,-1.465518236160278320e+00,1.902369976043701172e+00,1.450000047683715820e+00,1.450000047683715820e+00
2.140000000000000000e+02,-2.100000000000000000e+01,-2.017000000000000000e+03,-1.000000000000000000e+00,-1.000000000000000000e+00,-2.000000000000000000e+00,-1.664365172386169434e+00,-1.465518236160278320e+00,1.902369976043701172e+00,1.450000047683715820e+00,1.450000047683715820e+00
2.040000000000000000e+02,-2.900000000000000000e+01,-2.018000000000000000e+03,-1.000000000000000000e+00,-2.000000000000000000e+00,0.000000000000000000e+00,-1.664286971092224121e+00,-1.465461611747741699e+00,1.902230143547058105e+00,1.450000047683715820e+00,1.450000047683715820e+00
2.040000000000000000e+02,-1.800000000000000000e+01,-2.009000000000000000e+03,-2.000000000000000000e+00,-2.000000000000000000e+00,0.000000000000000000e+00,-1.665125489234924316e+00,-1.465443491935729980e+00,1.902978897094726562e+00,1.450000047683715820e+00,1.450000047683715820e+00
2.060000000000000000e+02,-2.700000000000000000e+01,-1.994000000000000000e+03,0.000000000000000000e+00,-1.000000000000000000e+00,-1.000000000000000000e+00,-1.666040420532226562e+00,-1.465394735336303711e+00,1.903939127922058105e+00,1.450000047683715820e+00,1.450000047683715820e+00
2.130000000000000000e+02,-2.300000000000000000e+01,-2.004000000000000000e+03,0.000000000000000000e+00,-1.000000000000000000e+00,0.000000000000000000e+00,-1.666777729988098145e+00,-1.465457677841186523e+00,1.904740214347839355e+00,1.450000047683715820e+00,1.450000047683715820e+00
2.190000000000000000e+02,-2.300000000000000000e+01,-2.026000000000000000e+03,1.000000000000000000e+00,2.000000000000000000e+00,-1.000000000000000000e+00,-1.667832493782043457e+00,-1.465487122535705566e+00,1.905862450599670410e+00,1.450000047683715820e+00,1.450000047683715820e+00
2.130000000000000000e+02,-2.800000000000000000e+01,-1.992000000000000000e+03,-1.000000000000000000e+00,-9.000000000000000000e+00,0.000000000000000000e+00,-1.665053367614746094e+00,-1.465714216232299805e+00,1.903089880943298340e+00,1.450000047683715820e+00,1.450000047683715820e+00
2.110000000000000000e+02,-1.500000000000000000e+01,-2.041000000000000000e+03,0.000000000000000000e+00,1.000000000000000000e+00,-2.000000000000000000e+00,-1.668450832366943359e+00,-1.465759634971618652e+00,1.906450986862182617e+00,1.450000047683715820e+00,1.450000047683715820e+00
2.130000000000000000e+02,-1.800000000000000000e+01,-2.028000000000000000e+03,0.000000000000000000e+00,1.000000000000000000e+00,-1.000000000000000000e+00,-1.669170856475830078e+00,-1.465764760971069336e+00,1.907145023345947266e+00,1.450000047683715820e+00,1.450000047683715820e+00
2.070000000000000000e+02,-2.300000000000000000e+01,-2.008000000000000000e+03,-1.000000000000000000e+00,-1.000000000000000000e+00,0.000000000000000000e+00,-1.669994473457336426e+00,-1.465825080871582031e+00,1.907991886138916016e+00,1.450000047683715820e+00,1.450000047683715820e+00
2.070000000000000000e+02,-2.000000000000000000e+01,-2.013000000000000000e+03,1.000000000000000000e+00,0.000000000000000000e+00,1.000000000000000000e+00,-1.672295808792114258e+00,-1.465483665466308594e+00,1.910287618637084961e+00,1.450000047683715820e+00,1.450000047683715820e+00
2.090000000000000000e+02,-2.200000000000000000e+01,-2.020000000000000000e+03,-1.000000000000000000e+00,-1.000000000000000000e+00,0.000000000000000000e+00,-1.670847654342651367e+00,-1.465651631355285645e+00,1.908839106559753418e+00,1.450000047683715820e+00,1.450000047683715820e+00
2.070000000000000000e+02,-2.500000000000000000e+01,-2.014000000000000000e+03,-1.000000000000000000e+00,-1.000000000000000000e+00,0.000000000000000000e+00,-1.670916438102722168e+00,-1.465638041496276855e+00,1.908915281295776367e+00,1.450000047683715820e+00,1.450000047683715820e+00
2.160000000000000000e+02,-1.900000000000000000e+01,-2.011000000000000000e+03,1.000000000000000000e+00,2.000000000000000000e+00,-1.000000000000000000e+00,-1.672499060630798340e+00,-1.465379476547241211e+00,1.910552382469177246e+00,1.450000047683715820e+00,1.450000047683715820e+00
2.140000000000000000e+02,-1.800000000000000000e+01,-2.018000000000000000e+03,0.000000000000000000e+00,0.000000000000000000e+00,0.000000000000000000e+00,-1.671832084655761719e+00,-1.465508103370666504e+00,1.909891724586486816e+00,1.450000047683715820e+00,1.450000047683715820e+00
2.070000000000000000e+02,-1.500000000000000000e+01,-2.019000000000000000e+03,-2.000000000000000000e+00,-1.000000000000000000e+00,-1.000000000000000000e+00,-1.672055959701538086e+00,-1.465455293655395508e+00,1.910078167915344238e+00,1.450000047683715820e+00,1.450000047683715820e+00
2.080000000000000000e+02,-2.100000000000000000e+01,-2.013000000000000000e+03,-1.000000000000000000e+00,-1.000000000000000000e+00,0.000000000000000000e+00,-1.672462701797485352e+00,-1.465374946594238281e+00,1.910560846328735352e+00,1.450000047683715820e+00,1.450000047683715820e+00
2.100000000000000000e+02,-2.700000000000000000e+01,-2.020000000000000000e+03,1.000000000000000000e+00,0.000000000000000000e+00,0.000000000000000000e+00,-1.672490119934082031e+00,-1.465312600135803223e+00,1.910595536231994629e+00,1.450000047683715820e+00,1.450000047683715820e+00
2.110000000000000000e+02,-2.200000000000000000e+01,-2.014000000000000000e+03,-1.000000000000000000e+00,0.000000000000000000e+00,1.000000000000000000e+00,-1.672872304916381836e+00,-1.465278029441833496e+00,1.911051630973815918e+00,1.450000047683715820e+00,1.450000047683715820e+00
2.090000000000000000e+02,-2.600000000000000000e+01,-2.019000000000000000e+03,0.000000000000000000e+00,0.000000000000000000e+00,-2.000000000000000000e+00,-1.673586487770080566e+00,-1.465263366699218750e+00,1.911773085594177246e+00,1.450000047683715820e+00,1.450000047683715820e+00
2.070000000000000000e+02,-1.700000000000000000e+01,-2.001000000000000000e+03,0.000000000000000000e+00,0.000000000000000000e+00,0.000000000000000000e+00,-1.673882126808166504e+00,-1.465254306793212891e+00,1.912077188491821289e+00,1.450000047683715820e+00,1.450000047683715820e+00
2.140000000000000000e+02,-2.800000000000000000e+01,-2.016000000000000000e+03,-2.000000000000000000e+00,-4.000000000000000000e+00,0.000000000000000000e+00,-1.673869252204895020e+00,-1.465187549591064453e+00,1.912061214447021484e+00,1.450000047683715820e+00,1.450000047683715820e+00
2.070000000000000000e+02,-2.900000000000000000e+01,-2.006000000000000000e+03,1.000000000000000000e+00,0.000000000000000000e+00,-1.000000000000000000e+00,-1.674200773239135742e+00,-1.465081334114074707e+00,1.912498474121093750e+00,1.450000047683715820e+00,1.450000047683715820e+00
2.120000000000000000e+02,-2.700000000000000000e+01,-2.018000000000000000e+03,-1.000000000000000000e+00,-1.000000000000000000e+00,0.000000000000000000e+00,-1.673774123191833496e+00,-1.465057015419006348e+00,1.912033319473266602e+00,1.450000047683715820e+00,1.450000047683715820e+00
2.240000000000000000e+02,-2.400000000000000000e+01,-2.016000000000000000e+03,1.000000000000000000e+00,0.000000000000000000e+00,-1.000000000000000000e+00,-1.674524426460266113e+00,-1.465032219886779785e+00,1.912822246551513672e+00,1.450000047683715820e+00,1.450000047683715820e+00
2.090000000000000000e+02,-2.700000000000000000e+01,-2.020000000000000000e+03,0.000000000000000000e+00,1.000000000000000000e+00,-2.000000000000000000e+00,-1.674123644828796387e+00,-1.465066075325012207e+00,1.912391781806945801e+00,1.450000047683715820e+00,1.450000047683715820e+00
2.050000000000000000e+02,-2.300000000000000000e+01,-2.016000000000000000e+03,1.000000000000000000e+00,4.000000000000000000e+00,-2.000000000000000000e+00,-1.672927975654602051e+00,-1.465102195739746094e+00,1.911217331886291504e+00,1.450000047683715820e+00,1.450000047683715820e+00
2.080000000000000000e+02,-2.000000000000000000e+01,-2.021000000000000000e+03,1.000000000000000000e+00,0.000000000000000000e+00,-1.000000000000000000e+00,-1.674824357032775879e+00,-1.465056419372558594e+00,1.913174986839294434e+00,1.450000047683715820e+00,1.450000047683715820e+00
2.090000000000000000e+02,-2.100000000000000000e+01,-2.008000000000000000e+03,0.000000000000000000e+00,-1.000000000000000000e+00,-1.000000000000000000e+00,-1.676305770874023438e+00,-1.464993238449096680e+00,1.914650321006774902e+00,1.769999980926513672e+00,1.769999980926513672e+00
2.170000000000000000e+02,-1.900000000000000000e+01,-2.019000000000000000e+03,1.000000000000000000e+00,0.000000000000000000e+00,-3.000000000000000000e+00,-1.675994992256164551e+00,-1.464979171752929688e+00,1.914410710334777832e+00,1.769999980926513672e+00,1.769999980926513672e+00
2.070000000000000000e+02,-2.600000000000000000e+01,-2.018000000000000000e+03,-1.000000000000000000e+00,-2.000000000000000000e+00,-1.000000000000000000e+00,-1.676163315773010254e+00,-1.464962244033813477e+00,1.914716839790344238e+00,1.769999980926513672e+00,1.769999980926513672e+00
2.040000000000000000e+02,-2.700000000000000000e+01,-2.016000000000000000e+03,-1.000000000000000000e+00,-3.000000000000000000e+00,1.000000000000000000e+00,-1.675927996635437012e+00,-1.464950323104858398e+00,1.914572954177856445e+00,1.769999980926513672e+00,1.769999980926513672e+00
2.190000000000000000e+02,-3.000000000000000000e+01,-2.019000000000000000e+03,0.000000000000000000e+00,-1.000000000000000000e+00,0.000000000000000000e+00,-1.676496148109436035e+00,-1.464931726455688477e+00,1.915180802345275879e+00,1.769999980926513672e+00,1.769999980926513672e+00
2.090000000000000000e+02,-2.100000000000000000e+01,-2.017000000000000000e+03,1.000000000000000000e+00,1.000000000000000000e+00,-1.000000000000000000e+00,-1.676378011703491211e+00,-1.464930057525634766e+00,1.915098547935485840e+00,1.769999980926513672e+00,1.769999980926513672e+00
2.090000000000000000e+02,-2.600000000000000000e+01,-2.009000000000000000e+03,-1.000000000000000000e+00,-4.000000000000000000e+00,0.000000000000000000e+00,-1.675837874412536621e+00,-1.464967846870422363e+00,1.914658427238464355e+00,1.769999980926513672e+00,1.769999980926513672e+00
2.150000000000000000e+02,-2.700000000000000000e+01,-2.017000000000000000e+03,0.000000000000000000e+00,0.000000000000000000e+00,-1.000000000000000000e+00,-1.674690842628479004e+00,-1.464951515197753906e+00,1.913589477539062500e+00,1.100000023841857910e+00,1.100000023841857910e+00
2.110000000000000000e+02,-2.200000000000000000e+01,-2.017000000000000000e+03,1.000000000000000000e+00,1.000000000000000000e+00,-1.000000000000000000e+00,-1.674103021621704102e+00,-1.464959979057312012e+00,1.912988424301147461e+00,1.100000023841857910e+00,1.100000023841857910e+00
2.010000000000000000e+02,-3.800000000000000000e+01,-2.004000000000000000e+03,-1.000000000000000000e+00,2.000000000000000000e+00,-1.000000000000000000e+00,-1.674283146858215332e+00,-1.464942455291748047e+00,1.913250088691711426e+00,1.100000023841857910e+00,1.100000023841857910e+00
2.140000000000000000e+02,-2.400000000000000000e+01,-2.007000000000000000e+03,1.000000000000000000e+00,3.000000000000000000e+00,0.000000000000000000e+00,-1.674491763114929199e+00,-1.464934587478637695e+00,1.913516402244567871e+00,1.769999980926513672e+00,1.769999980926513672e+00
2.120000000000000000e+02,-2.800000000000000000e+01,-2.008000000000000000e+03,-1.000000000000000000e+00,-1.000000000000000000e+00,-1.000000000000000000e+00,-1.674655318260192871e+00,-1.464964389801025391e+00,1.913703918457031250e+00,1.769999980926513672e+00,1.769999980926513672e+00
2.010000000000000000e+02,-2.400000000000000000e+01,-2.008000000000000000e+03,-1.000000000000000000e+00,-2.000000000000000000e+00,-1.000000000000000000e+00,-1.675321102142333984e+00,-1.465020298957824707e+00,1.914274692535400391e+00,1.769999980926513672e+00,1.769999980926513672e+00
2.130000000000000000e+02,-2.400000000000000000e+01,-2.017000000000000000e+03,0.000000000000000000e+00,1.000000000000000000e+00,-1.000000000000000000e+00,-1.675076723098754883e+00,-1.465005040168762207e+00,1.914029359817504883e+00,1.100000023841857910e+00,1.100000023841857910e+00
2.130000000000000000e+02,-2.600000000000000000e+01,-2.029000000000000000e+03,1.000000000000000000e+00,1.000000000000000000e+01,-2.000000000000000000e+00,-1.673920750617980957e+00,-1.465026497840881348e+00,1.912789463996887207e+00,1.100000023841857910e+00,1.100000023841857910e+00
2.080000000000000000e+02,-1.700000000000000000e+01,-2.016000000000000000e+03,-2.000000000000000000e+00,-2.000000000000000000e+00,-2.000000000000000000e+00,-1.670776724815368652e+00,-1.465162158012390137e+00,1.909650444984436035e+00,1.100000023841857910e+00,1.100000023841857910e+00
2.290000000000000000e+02,-6.300000000000000000e+01,-2.041000000000000000e+03,-1.400000000000000000e+01,-6.000000000000000000e+00,4.000000000000000000e+00,-1.669743657112121582e+00,-1.465440630912780762e+00,1.908392906188964844e+00,1.100000023841857910e+00,1.100000023841857910e+00
2.190000000000000000e+02,-2.900000000000000000e+01,-2.051000000000000000e+03,1.000000000000000000e+00,0.000000000000000000e+00,0.000000000000000000e+00,-1.670932054519653320e+00,-1.465458154678344727e+00,1.909626841545104980e+00,1.100000023841857910e+00,1.100000023841857910e+00
2.160000000000000000e+02,-2.600000000000000000e+01,-1.990000000000000000e+03,0.000000000000000000e+00,1.000000000000000000e+00,0.000000000000000000e+00,-1.670104503631591797e+00,-1.465489983558654785e+00,1.908783435821533203e+00,1.100000023841857910e+00,1.100000023841857910e+00
2.090000000000000000e+02,-2.600000000000000000e+01,-2.011000000000000000e+03,0.000000000000000000e+00,0.000000000000000000e+00,0.000000000000000000e+00,-1.669550657272338867e+00,-1.465450763702392578e+00,1.908161878585815430e+00,1.100000023841857910e+00,1.100000023841857910e+00
2.100000000000000000e+02,-2.500000000000000000e+01,-2.013000000000000000e+03,0.000000000000000000e+00,1.000000000000000000e+00,-1.000000000000000000e+00,-1.669848442077636719e+00,-1.465480804443359375e+00,1.908403992652893066e+00,1.100000023841857910e+00,1.100000023841857910e+00
2.120000000000000000e+02,-2.700000000000000000e+01,-1.999000000000000000e+03,0.000000000000000000e+00,1.000000000000000000e+00,-2.000000000000000000e+00,-1.669658660888671875e+00,-1.465502977371215820e+00,1.908212900161743164e+00,1.769999980926513672e+00,1.769999980926513672e+00
2.110000000000000000e+02,-2.200000000000000000e+01,-2.018000000000000000e+03,0.000000000000000000e+00,-2.000000000000000000e+00,0.000000000000000000e+00,-1.668958902359008789e+00,-1.465582370758056641e+00,1.907669425010681152e+00,1.769999980926513672e+00,1.769999980926513672e+00
2.160000000000000000e+02,-2.600000000000000000e+01,-2.019000000000000000e+03,0.000000000000000000e+00,2.000000000000000000e+00,-3.000000000000000000e+00,-1.668576598167419434e+00,-1.465653419494628906e+00,1.907374858856201172e+00,1.769999980926513672e+00,1.769999980926513672e+00
2.060000000000000000e+02,-1.900000000000000000e+01,-2.008000000000000000e+03,-1.000000000000000000e+00,-1.000000000000000000e+00,0.000000000000000000e+00,-1.670081138610839844e+00,-1.465661287307739258e+00,1.908905982971191406e+00,1.769999980926513672e+00,1.769999980926513672e+00
2.120000000000000000e+02,-2.300000000000000000e+01,-2.026000000000000000e+03,-1.000000000000000000e+00,-2.000000000000000000e+00,-2.000000000000000000e+00,-1.670523405075073242e+00,-1.465734601020812988e+00,1.909381747245788574e+00,1.769999980926513672e+00,1.769999980926513672e+00
2.090000000000000000e+02,-2.600000000000000000e+01,-2.002000000000000000e+03,0.000000000000000000e+00,1.000000000000000000e+00,-3.000000000000000000e+00,-1.669888615608215332e+00,-1.465843796730041504e+00,1.908698916435241699e+00,1.769999980926513672e+00,1.769999980926513672e+00
2.110000000000000000e+02,-3.000000000000000000e+01,-2.009000000000000000e+03,0.000000000000000000e+00,0.000000000000000000e+00,-1.000000000000000000e+00,-1.669146776199340820e+00,-1.465855121612548828e+00,1.908064723014831543e+00,1.769999980926513672e+00,1.769999980926513672e+00
2.100000000000000000e+02,-2.400000000000000000e+01,-2.003000000000000000e+03,-1.000000000000000000e+00,-4.000000000000000000e+00,-1.000000000000000000e+00,-1.668622732162475586e+00,-1.465930938720703125e+00,1.907502055168151855e+00,1.769999980926513672e+00,1.769999980926513672e+00
2.120000000000000000e+02,-3.000000000000000000e+01,-2.020000000000000000e+03,-1.000000000000000000e+00,-1.000000000000000000e+00,0.000000000000000000e+00,-1.668925523757934570e+00,-1.465914368629455566e+00,1.907825350761413574e+00,1.100000023841857910e+00,1.100000023841857910e+00
2.070000000000000000e+02,-2.100000000000000000e+01,-2.011000000000000000e+03,-1.000000000000000000e+00,-2.000000000000000000e+00,1.000000000000000000e+00,-1.669157147407531738e+00,-1.466036796569824219e+00,1.908089637756347656e+00,1.100000023841857910e+00,1.100000023841857910e+00
2.110000000000000000e+02,-2.300000000000000000e+01,-2.021000000000000000e+03,0.000000000000000000e+00,-1.000000000000000000e+00,-3.000000000000000000e+00,-1.669359803199768066e+00,-1.466045379638671875e+00,1.908349037170410156e+00,1.100000023841857910e+00,1.100000023841857910e+00
2.080000000000000000e+02,-3.000000000000000000e+01,-2.013000000000000000e+03,-1.000000000000000000e+00,-1.000000000000000000e+00,0.000000000000000000e+00,-1.670341134071350098e+00,-1.466132044792175293e+00,1.909387469291687012e+00,1.100000023841857910e+00,1.100000023841857910e+00
2.130000000000000000e+02,-2.000000000000000000e+01,-2.012000000000000000e+03,0.000000000000000000e+00,0.000000000000000000e+00,2.000000000000000000e+00,-1.671246170997619629e+00,-1.466099619865417480e+00,1.910294890403747559e+00,1.100000023841857910e+00,1.100000023841857910e+00
2.110000000000000000e+02,-3.000000000000000000e+01,-2.025000000000000000e+03,-2.000000000000000000e+00,-2.000000000000000000e+00,0.000000000000000000e+00,-1.672282218933105469e+00,-1.466108083724975586e+00,1.911325335502624512e+00,1.100000023841857910e+00,1.100000023841857910e+00
2.110000000000000000e+02,-3.000000000000000000e+01,-2.025000000000000000e+03,-2.000000000000000000e+00,-2.000000000000000000e+00,0.000000000000000000e+00,-1.672282218933105469e+00,-1.466108083724975586e+00,1.911325335502624512e+00,1.100000023841857910e+00,1.100000023841857910e+00
2.070000000000000000e+02,-2.300000000000000000e+01,-2.004000000000000000e+03,0.000000000000000000e+00,-1.000000000000000000e+00,0.000000000000000000e+00,-1.673401594161987305e+00,-1.466119527816772461e+00,1.912436842918395996e+00,1.434999942779541016e+00,1.434999942779541016e+00
2.070000000000000000e+02,-2.300000000000000000e+01,-2.004000000000000000e+03,0.000000000000000000e+00,-1.000000000000000000e+00,0.000000000000000000e+00,-1.673401594161987305e+00,-1.466119527816772461e+00,1.912436842918395996e+00,1.434999942779541016e+00,1.434999942779541016e+00
2.070000000000000000e+02,-2.300000000000000000e+01,-2.004000000000000000e+03,0.000000000000000000e+00,-1.000000000000000000e+00,0.000000000000000000e+00,-1.673401594161987305e+00,-1.466119527816772461e+00,1.912436842918395996e+00,1.434999942779541016e+00,1.434999942779541016e+00
2.070000000000000000e+02,-2.300000000000000000e+01,-2.004000000000000000e+03,0.000000000000000000e+00,-1.000000000000000000e+00,0.000000000000000000e+00,-1.673401594161987305e+00,-1.466119527816772461e+00,1.912436842918395996e+00,1.434999942779541016e+00,1.434999942779541016e+00
